Category,Title
Entertainment,"Amritpal Singh's Diwali Bash: Shah Rukh Khan, Amitabh Bachchan, Katrina-Vicky And Others Arrive In Style"
Entertainment,"Grammy Nominations 2024: Taylor Swift Scripts History, SZA Leads With 9 Nods. See Full List"
Entertainment,"The Marvels Box Office Collection Day 1: Brie Larson Starrer Takes Slow Start, Earns Rs 2.10 Crore"
Entertainment,"Exclusive! Koffee With Karan Season 8: Karan Johar Gets Sharmila Tagore, Son Saif Ali Khan Together For First Time"
Entertainment,When Boney Kapoor FINALLY Addressed Claims Of Killing Wife Sridevi: Went Through Lie Detectors Tests
Entertainment,Exclusive! Rockstar Turns 12: Nargis Fakhri Shot Imtiaz Ali Film Without Knowing A Word Of Hindi
Entertainment,"Exclusive! Mala Sinha, The Most Underrated Screen Icon Of All Time, Turns 87"
Entertainment,"0EXCL! Salman Khan vs Virat Kohli On Diwali: Who Will Triumph?, Expert Opines"
Entertainment,"Jitendra, Vidya Balan, Bhumi Pednekar And More Celebs Bring On The Glam At Ekta Kapoor's Diwali Party"
Entertainment,9Diwali Bonanza! Shah Rukh Khan Drops 2 New Dunki Poster. Says 'Asli Maza Toh Saath Chalne Mein Hai'
Entertainment,1Mukesh Bhatt DENIES Rumours Of Casting Tara Sutaria For Aashiqui 3. Calls Claims 'Absolute Nonsense'
Entertainment,"Ananya Panday Buys New Lavish Home In Mumbai. Farah Khan Says 'Wow, That Was Quick'. PICS"
Entertainment,"3Janhvi Kapoor Repeats Old Half-Saree, Khushi Steals Sister's Outfit For Dharma Dhanteras Puja. PICS"
Entertainment,"0Lovers Aditya Roy Kapur, Ananya Panday Go On Romantic Drive. WATCH"
Entertainment,Satyabhama Teaser Out: Kajal Aggarwal Transforms Into A Cop For Suspense-Thriller. WATCH
Entertainment,"Lucifer Fame Tom Ellis, Wife Meaghan Oppenheimer Welcome Baby Girl Dolly Through Surrogacy"
Entertainment,K-Pop Singer Nahee Dies At 24. Her Last Instagram Post Goes Viral
Entertainment,"Masters Of The Air Teaser: Austin Butler, Callum Turner Star In Steven Spielberg WWII Drama For Apple TV"
Entertainment,"The Marvels Movie Review: Brie Larson, Teyonah Parris, Iman Vellani Film Is Faulty But Enjoyable"
Entertainment,Exclusive! Rockstar Turns 12: Nargis Fakhri Shot Imtiaz Ali Film Without Knowing A Word Of Hindi
Entertainment,"Amritpal Singh's Diwali Bash: Shah Rukh Khan, Amitabh Bachchan, Katrina-Vicky And Others Arrive In Style"
Entertainment,"Akelli Box Office Collection Day 3: Nushrratt Bharuccha Starrer Continues To Struggle, Mints Rs 37 Lakh"
Entertainment,"Diwali Party 2023: Divyanka, Karan, Tejasswi, And Other TV Celebs Gather At Ekta Kapoor’s Diwali Bash; PICS"
Entertainment,Bigg Boss 17: ‘Yeh Toh Relation Kharab Karne Waali Baat Hai’: Bharti Singh Reacts To Neil And Aishwarya's Fight
Entertainment,The Marvels Ending EXPLAINED
Entertainment,"BTS' Jungkook Issues Unexpected Apology To Fans, Says 'I Messed Up, I Don't Have an Excuse'"
Entertainment,BTS J-Hope's Proposal To Host Military Cooking Event REJECTED By South Korean Minister. Here's Why
Entertainment,2Allu Arjun’s Father Verbally Attacked  By Fans After 'Who Was Yash Before KGF?' Remark
Entertainment,"Top South News: Dhanush Reviews Jigarthanda DoubleX, Prithviraj Sukumaran's Film Shoot Halted"
Entertainment,"Jigarthanda DoubleX Twitter Review: Netizens Hail Raghava Lawerence, SJ Suryah's Performances, Calls Film 'Vera-Level'"
Entertainment,Ghost Twitter Review: Netizens Call Shiva Rajkumar's Hiest Film A 'Dasara WINNER'
Entertainment,Kalyani Priyadarshan's Sesham Mikeil Fathima To Release On This Date
Entertainment,"Suresh Gopi Booked For Misbehaving With Woman Journalist, Says 'Did It In An Affectionate Manner'"
Entertainment,Loki Writer Eric Martin Shares Update On Possible Season 3
India,5 Killed In Head-On Collision Between 2 Buses In Tamil Nadu's Tirupathur
India,"In A First, No Mention Of Pak In India, US 2 Plus 2 Joint Statement"
India,"'US, Russia Waiting On India...': What Jitendra Singh Said on ISRO's Chandrayaan-3, Aditya L1 Missions"
India,Businessman With Alleged Links To Lalu Yadav Family Arrested In Land For Job Scam Case
India,WATCH | US Ambassador Eric Garcetti Dances To 'Chaiyya Chaiyya' At Diwali Party
India,"Several Houseboats Destroyed In Massive Fire At Srinagar's Dal Lake, Tourists Safe"
India,'India Needs 8.5% Growth To Meet Needs For Jobs': Ex-RBI Governor Raghuram Rajan
India,Ajit Pawar To Soon Become Chief Minister? What Maharashtra Minister Claims
India,Pakistan Releases 80 Indian Fishermen Who Accidentally Crossed Border During Storm
India,PM Narendra Modi Is Now A Grammy Nominated Artist
India,Delhi Police Files FIR After Deepfake Video Of Rashmika Mandana Goes Viral
India,"'India-US Partnership A Force For...': PM Modi Meets Antony Blinken, Llyod Austin"
India,"ET Now Presents 'Ye Diwali, Muskaan Wali'"
India,Top Scientists of Chandrayaan-3 Donate Award Money To Their Alma Mater
India,'Include Fadnavis In Committee Formed For Dhangars': Padalkar Writes  To CM Shinde Amid Reservation Demand
India,"Former Karnataka CM BS Yediyurappa’s Son, BY Vijayendra, Appointed BJP State President"
India,"Diwali 2023: Yogi Govt To Light 24 Lakh Diyas Across Ayodhya's 51 Ghats, Aims World Record"
India,CJI DY Chandrachud Inaugurates Cafe Managed By Specially-Abled On SC Premises
India,"November 12, 1947: How Mahatma Gandhi Wanted India To Celebrate Diwali"
India,Mumbai Police Announces Strict Measures for Diwali Celebrations; Check Advisory
India,"Mumbai Woman Chases Helmetless Police Officer on Bike, Video Goes Viral | WATCH"
India,Pre-Diwali liquor sale in Delhi registers spike
India,Kolkata Kali Puja 2023: Traffic Diversions Announced in City From November 9-12; Check Advisory
India,Kolkata Breathes in 'Moderate' Air Quality While Delhiites Gasp For Breath
India,Bengaluru Fire Department Issues Safety Instructions Ahead Of Diwali
India,PM Narendra Modi to Address 'BC Atma Gourava' Sabha at LB Stadium in Hyderabad on Nov 7
India,Hyderabad Weather: IMD Predicts Light To Moderate Rainfall Till Nov 7 |Check Forecast
India,"Chennai Police Raid 'Wife Swapping Party' on East Coast Road, Arrest 8"
India,"Ahmedabad Family Furious After Finding Chicken Pieces in Vegetarian Meal, Restaurant Faces Fine"
India,From India to England: Ahmedabad Businessman's 'Lal Pari' Vintage Car Returns Home
India,Pimpri-Chinchwad To Observe 'No Horn Day' Every Monday To Reduce Noise Pollution
Business,"Diwali Stock Market Holiday 2023: Will MCX Remain Shut For Both Sessions On Diwali Balipratipada? Check NSE, BSE November Holiday List"
Business,"US Stock Market Today: Wall Street Soars as S&P 500 Posts Highest Closing Level Since September; Dow, Nasdaq Gain Up to 2.05%"
Business,US' Perfect AAA Credit Rating Is At Risk: Here's Why
Business,"EPF Interest for FY 2022-23: Govt Starts Crediting Interest Into PF Accounts; Guide To Check Balance on EPFO Website, UMANG App"
Business,"India's Industrial Production Growth Decelerates To 5.8% In September, Manufacturing, Mining Sectors Show Improvement"
Business,"Coal India Dividend Payment Date FIXED: Dhanteras Delight for Shareholders! Maharatna Company Declares Record Date; Check History, Yield"
Business,"Dhanteras Gold, Silver Buying Time 2023: Check Date, Puja Vidhi, Shubh Muhurat And More On November 10, 11"
Business,Dhanteras 2023 Gold Investment: 3 Factors To Consider Before Investing In Precious Metal
Business,"Gold Could Go As Low As Rs 52,600 Per 10 Grams | When Should You Buy?"
Business,Rupee vs Dollar Price: Indian Currency Appreciates Against US Dollar Amid Softening Crude Prices
Business,Real Estate Investment This Diwali: Planning To Buy House This Festive Season? Experts Recommend Key Tips
Business,"ESAF SFB Shares Make Strong Debut, List At 20% Premium On BSE, 18% On NSE"
Business,Sensex Sees Strong Dip! Drops Over 200 Points After Market Opening
Business,"Stock Market Today: ZEE, HAL, LIC Stocks To Set Bourses Abuzz On Dhanteras | Know Why"
Business,"US Stock Market: Dow Jones Down 0.7%, Nasdaq Slides 0.9% As Jerome Powell Changes Tune On Interest Hikes"
Business,Empowering Startups: STPI and TiE Delhi-NCR Launch LEAP AHEAD Initiative – Here's How It Will Benefit
Business,Dynatrace And Amazon Web Services Enhance Cloud Modernisation Capabilities For India - Details
Business,"India's GDP To Grow At 6.1 pc In 2024, And 6.3 pc in 2025: Moody - Here's Why"
Business,Stock Market Diwali Holiday: BSE And NSE To Remain Closed On This Date - Details
Business,"Last-Minute Diwali Travel Planners To See 20-30% Price Hike For Hotels, Flights"
Business,"Headline Inflation On Track Due To LPG Price Cut, Vegetable Price Correction, Says Govt in Report"
Business,Dhanteras 2023 Gold Investment: 3 Factors To Consider Before Investing In Precious Metal
Business,"US Stock Market Today: Wall Street Soars as S&P 500 Posts Highest Closing Level Since September; Dow, Nasdaq Gain Up to 2.05%"
Business,"ESAF SFB Shares Make Strong Debut, List At 20% Premium On BSE, 18% On NSE"
Business,"PFC Dividend Announcement 2023: Check Dividend Amount, Record Date And Q2 Result"
Business,Mega Tech Tussle Ahead? Elon Musk’s Starlink Set To Compete with Mukesh Ambani & Bharti Mittal's Ventures in India
Business,"India's Surging E-Commerce, Govt Push And Rising pool of Entrepreneurs Bolster High Investment Prospects For Nation's Startup Ecosystem"
Business,"Real Estate Sentiment in India: Realty Players Optimistic About Growth In Sector Amid Festive Demand, Surge in Luxury Property Sales"
World Cup,2 Ways How Pakistan Can Qualify For Semi-Finals Of World Cup 2023
World Cup,Babar Azam To Resign As Pakistan Captain After Disappointing World Cup 2023 Campaign: Report
Health,Optical Illusion Test: What You See First Reveals Whether You are Logical or Charismatic
Health,Study Reveals Gut Bacteria Provides Protection Against Diarrhoeal Diseases
Health,FDA Approves Chikungunya Vaccine; All You Need To Know About The Mosquito-Borne Disease
Health,Beware! 1 In 3 Deaths From Skin Cancer Due To Working Under The Sun
Health,"Delhi AQI ‘Severe’, Chronic Health Issues Caused Due To Air Pollution"
Health,"Rise In Asthma Attacks, COPD Cases In Pune Amid Air Pollution"
Health,CEO Suffers Heart Attack While On Morning Run; Smartwatch Saves His Life
Health,"Optical Illusion Test: Woman Or Rooster, What You See First Reveals Whether You Focus More On Love Or Work"
Health,Ayurveda Reveals The Healing Power of Early Morning and Late Evening Sun
Health,Unveil Your Views on Love with This Optical Illusion Test
Health,"Genetics Of Nearby Healthy Tissue Can Help In Detection Of Lung Cancer’s Return, Finds Study"
Health,BEWARE! Smoking Hurts Chance Of Cancer Treatment; Changes DNA
Health,"Diwali 2023: Lord Dhanvantari, Father Of Ayurveda Is Worshipped On The Day Of Dhanteras"
Health,Low Blood Pressure Can Be Fatal; 5 Symptoms To Watch Out For
Health,orning Habits for Optimal Brain Function Inspired by Andrew Huberman
Health,Are Your Knees Hurting? Try THIS Arm Exercise That Can Help Ease Pain
Health,THIS Sweet Treat Helps Combat Throat Irritation Caused By Severe Air Pollution
Health,Optical Illusion: This Personality Test Will Reveal If You Have a High IQ
Health,Vampire Viruses Found For The First Time In The US; Know What They Are
Health,5 Ways To Drink Your Cup Of Coffee The Ayurvedic Way
Health,5 Ayurvedic Remedies for Acidity
Health,Happy Birthday Virat Kohli: A Look At The Fitness Routine of Cricket's Fittest Star
Health,Unveil Your Views on Love with This Optical Illusion Test
Health,Optical Illusion Test: What You See First Reveals If You Are Emotionally Intelligent
Health,Experts Suggest Eating With Non-Dominant Hand To Help Lose Weight; Here's How You Can Do It Too
Lifestyle,Singer Johnny Ruffo Dies Of Brain Cancer At 35
Lifestyle,8 Boundaries of a Healthy Relationship
Lifestyle,How Kangaroo Care Can Be Beneficial For Infants And Parents
Lifestyle,5 Vegan Mithai Recipes For Diwali
Lifestyle,5 Tips To Shave Your Facial Hair With Ease
Lifestyle,1 In 3 Deaths From Skin Cancer Due To Working Under Sun
Lifestyle,orning Habits for Optimal Brain Function
Lifestyle,CEO Suffers Heart Attack On Morning Run; Smartwatch Saves Life
Lifestyle,How Mythology Influences Contemporary Fiction
Lifestyle,"'Traditional, Ethical and Light-Weight Jewellery Are Popular'"
Lifestyle,How to Prevent Recruiters from Ghosting You
Lifestyle,Happy Dhanteras 2023 Wishes and Images Live Updates
Lifestyle,How Strong Friendships Positively Impact Your Health
Lifestyle,Mukesh Ambani's Rs 10 Crore Diwali Gift For Wife Nita!
Lifestyle,It's Time To Invest In Silk Sheets; Here Are Its Benefits
Lifestyle,5 Festive Fashion Trends To Catch Up With This Diwali
Lifestyle,Helicopter Parenting Linked to Eating Disorders in Kids
Lifestyle,5 Things To Keep In Mind If You Are Visiting Europe
Lifestyle,5 Delicious Biryani Recipes For Diwali
Lifestyle,How Strong Friendships Positively Impact Your Health
Lifestyle,Why Do We Tend To Ignore Red Flags In A Relationship? Know From An Expert
Lifestyle,"Fashion Trends Set By Shah Rukh Khan: Bandanas, Leather Jackets, Loverboy Haircut And MORE"
Lifestyle,Has Your Child Picked Up A Bad Word And Doesn't Stop Saying It? Here's What You Can Do
Lifestyle,Top 8 Benefits of Massaging Your Newborn
Lifestyle,AI Predicts Majority Of Global Population Will Turn Vegan by 2075
Lifestyle,6 Spots Women Should Apply Perfume On Their Body Before Stepping Out
Lifestyle,5 Japanese Haircare Tips For Healthy And Shiny Hair
Lifestyle,ooks That Shaped Revolutionary Movements
Lifestyle,6 Stylish And Smart Storage Ideas For Small Bedrooms
Lifestyle,Dhanteras 2023: These 3 Corners Of Your Home Should Be Cleaned To Attract Wealth
Lifestyle,"Exclusive | Swar Hi Ishwar Hai: Ustad Amjad Ali Khan, Amaan, Ayaan - A Musical Odyssey in Harmony"
